frame,time_sec,mouth_height,inner_area,mouth_signal
1,0.000000,0.12617653987379013,0.0306994844717489,0.09753342325317775
2,0.033370,0.12408080839366822,0.029834225835701212,0.09580683362627812
3,0.066739,0.12227102748464451,0.028916255614577942,0.09426459592362454
4,0.100109,0.12098128646067319,0.02827256998889194,0.09316867151913881
5,0.133479,0.12032771879910352,0.028055729891636766,0.09264612212686349
6,0.166848,0.1198442142496094,0.027946797472794483,0.0922749892165649
7,0.200218,0.11856938025792994,0.027398647802303784,0.0912181605212421
8,0.233588,0.11782749956706196,0.027445834005636945,0.09071299989863445
9,0.266957,0.1156651122239689,0.02625630982851837,0.08884247150533374
10,0.300327,0.11559427945984886,0.02644094597109981,0.08884827941322414
11,0.333697,0.11477622129369913,0.026031874015468026,0.0881529171102298
12,0.367067,0.11464653663396994,0.02595239615963764,0.08803829449167025
13,0.400436,0.1157644165308483,0.026128962848976593,0.08887378042628678
14,0.433806,0.11605858664109359,0.02612900497957462,0.08907971214263789
15,0.467176,0.11807546730849032,0.026614811612879603,0.09063727059980711
16,0.500545,0.11883786782163294,0.026808714808844412,0.09122912191779638
17,0.533915,0.11954060048661133,0.026961123227801757,0.09176675730896847
18,0.567285,0.12519239066486862,0.028737111407439783,0.09625580688763996
19,0.600654,0.13287972164100958,0.031729699347070206,0.10253471495282777
20,0.634024,0.13812690740424813,0.034167082564525636,0.10693895995233137
21,0.667394,0.14017936231419856,0.03491429694351428,0.10859984270299326
22,0.700763,0.1421866758821139,0.035874269524526665,0.11029295397483772
23,0.734133,0.14605554835838208,0.038028714664619344,0.11364749825025325
24,0.767503,0.14941015712761652,0.03983199326032676,0.11653670796742958
25,0.800872,0.14834446622076017,0.039316790826561525,0.11563616360250058
26,0.834242,0.14584525074841453,0.03797437123408379,0.1134839868941153
27,0.867612,0.14501092401957688,0.0380592737307371,0.11292542893292494
28,0.900981,0.1442386572271049,0.036864803670503994,0.11202650116012464
29,0.934351,0.14643086477980052,0.03751553530176325,0.11375626593638934
30,0.967721,0.14743201319747293,0.038102416268433206,0.114633134118761
31,1.001091,0.15146830636242448,0.04070729551957422,0.1182400031095694
32,1.034460,0.15451410470631713,0.042009620798649554,0.12076275953401686
33,1.067830,0.1598035237899915,0.044504212383748167,0.1252137303681185
34,1.101200,0.16306463017034928,0.0463923339053586,0.12806294129085205
35,1.134569,0.16106908770017475,0.04621326856028814,0.12661234195820875
36,1.167939,0.15432246382005932,0.043417349283563375,0.12105092945911053
37,1.201309,0.15105573576553072,0.042007135013794404,0.11834115554000982
38,1.234678,0.14866816292934612,0.041447957290904426,0.11650210123781361
39,1.268048,0.1480237266111632,0.04110986164949067,0.11594956712266143
40,1.301418,0.14687283767099665,0.04077533165893611,0.11504358586737849
41,1.334787,0.14611283307508102,0.040595747464753994,0.11445770739198291
42,1.368157,0.14648815558073217,0.04084121610049498,0.114794073736661
43,1.401527,0.14878567220904235,0.041636146301204,0.11664081443669085
44,1.434896,0.15068146983570183,0.042340090053355144,0.11817905590099782
45,1.468266,0.15400487837017257,0.04345660747942908,0.12084039710294951
46,1.501636,0.15889779607508936,0.045390816683219606,0.12484570225752842
47,1.535005,0.16295216736170923,0.04744644576637531,0.12830045088310904
48,1.568375,0.166169850257233,0.049395385488569095,0.1311375108266338
49,1.601745,0.1679073273437931,0.04987674293646227,0.13249815202159385
50,1.635115,0.16951110878755518,0.050327094777289735,0.13375590458447553
51,1.668484,0.16196297030255996,0.04507359155640912,0.1268961566787147
52,1.701854,0.1442949744629654,0.03691854858215486,0.11208204669872224
53,1.735224,0.13372464378570306,0.03282621193801852,0.1034551142313977
54,1.768593,0.1291366503083743,0.03115909548671334,0.099743383861876
55,1.801963,0.13106988881696313,0.032039666949757524,0.10136082225680144
56,1.835333,0.1382010152684259,0.03520144759379986,0.10730114496603808
57,1.868702,0.14942400414221085,0.04028034536403734,0.11668090650875879
58,1.902072,0.15729827455296377,0.04386713263027687,0.1232689319761577
59,1.935442,0.1655172437073467,0.047045873248214125,0.1299758325696069
60,1.968811,0.16965751674395507,0.049168140293241513,0.133510703808741
61,2.002181,0.17819926098752983,0.05388627710144285,0.14090536582170374
62,2.035551,0.18947289537762893,0.05731615256531982,0.1498258725339362
63,2.068920,0.19506271329004407,0.05850050383923764,0.15409405045480212
64,2.102290,0.19506405416249667,0.05875368216935609,0.1541709425645545
65,2.135660,0.18710198527484037,0.0543064897120469,0.14726333660600233
66,2.169029,0.17736800223267649,0.048533510427720784,0.13871765469118977
67,2.202399,0.1578543185850462,0.03881917785749169,0.12214377636677984
68,2.235769,0.13016118426399134,0.02690650255197301,0.09918477975038584
69,2.269138,0.1041624999737364,0.014996933641808758,0.07741283007415811
70,2.302508,0.10064016638883831,0.012285952771703084,0.07413390230369774
71,2.335878,0.10602953945385007,0.01310520322541255,0.0781522385853188
72,2.369248,0.11024994652009663,0.013665580260215164,0.08127463664213219
73,2.402617,0.10824371774546708,0.011858233825697766,0.07932807256953628
74,2.435987,0.09943660295349346,0.00733036446262113,0.07180473140623175
75,2.469357,0.10323922401360065,0.008430602433282067,0.07479663753950508
76,2.502726,0.10942005444003426,0.010727403963708105,0.07981225929713641
77,2.536096,0.12476642100255256,0.01797628422152364,0.09272937996824387
78,2.569466,0.14034915527846603,0.026352909543025115,0.10615028155783375
79,2.602835,0.164235883857768,0.03788229846668085,0.12632980824044185
80,2.636205,0.17667150062524262,0.04283059639522835,0.13651922935623834
81,2.669575,0.18964415297031217,0.04889191872268263,0.1474184826960233
82,2.702944,0.19073322117762995,0.05310518764979325,0.14944481111927893
83,2.736314,0.19687164499008766,0.05675512394728596,0.15483668867724715
84,2.769684,0.1827779881617259,0.05143306837778302,0.14337451222654304
85,2.803053,0.1614089771848327,0.04073751937979494,0.12520753984332136
86,2.836423,0.14593240071991492,0.03371349256436941,0.11226672827325127
87,2.869793,0.1387187823916317,0.031026050625195884,0.10641096286170096
88,2.903162,0.13885307422883747,0.031317286066244725,0.10659233778005964
89,2.936532,0.1413559499607043,0.031320835413361836,0.10834541559650156
90,2.969902,0.14143090408653264,0.028567729967215655,0.10757195185073753
91,3.003272,0.13015734518049168,0.019864251852165345,0.09706941718199379
92,3.036641,0.12142467029146954,0.01546522746787868,0.08963683744439227
93,3.070011,0.12021266458924582,0.01445474110345845,0.08848528754350961
94,3.103381,0.12711436642828655,0.016575995750546482,0.09395285522496452
95,3.136750,0.1522973771047267,0.02584776645591539,0.11436249391008331
96,3.170120,0.18211860607259514,0.03711439507162974,0.1386173427723055
97,3.203490,0.2036034717266304,0.04613079714358044,0.15636166935171542
98,3.236859,0.2159499771618232,0.054431474156926216,0.1674944262603541
99,3.270229,0.22787281177522398,0.06318593138260149,0.17846674765743722
100,3.303599,0.23641247936751716,0.06858146573702446,0.18606317527836935
101,3.336968,0.24145037186337265,0.07240352436664611,0.19073631761435467
102,3.370338,0.23322910384111284,0.07096201559703337,0.18454897736788897
103,3.403708,0.2134090911256802,0.062193664044806536,0.16804446300141812
104,3.437077,0.18858349872644337,0.05141818688261315,0.14743390517329427
105,3.470447,0.17073035395211725,0.043877135812854996,0.13267438851033855
106,3.503817,0.16608591396992767,0.04194907614330737,0.12884486262194156
107,3.537186,0.17055940342050557,0.04529630203830072,0.13298047300584412
108,3.570556,0.18242930547583208,0.05067844255106869,0.14290404659840306
109,3.603926,0.20127399711701183,0.05931172479649462,0.15868531542085665
110,3.637296,0.21134236606160586,0.06359124408349852,0.16701702946817365
111,3.670665,0.21168637670411056,0.06437216523737102,0.1674921132640887
112,3.704035,0.20881668169726705,0.06289093469939834,0.16503895759790643
113,3.737405,0.20395382433898937,0.061351958585125,0.16117326461283005
114,3.770774,0.19121640252251673,0.054921075476606594,0.1503278044087437
115,3.804144,0.1800735569277321,0.04963633798204775,0.1409423912440268
116,3.837514,0.17312545794176074,0.04674644877982409,0.13521175519317974
117,3.870883,0.17111927575705577,0.04529626084238835,0.13337237128265553
118,3.904253,0.1753151760684772,0.04567255168761512,0.13642238875421858
119,3.937623,0.1709929372719216,0.04157345790017168,0.13216709346039662
120,3.970992,0.14943952957559706,0.028633524698519604,0.1131977281124738
121,4.004362,0.126689132391716,0.01751605244083489,0.09393720840645166
122,4.037732,0.11315684180126703,0.012172739661203674,0.08286161115924802
123,4.071101,0.1041317227338675,0.008814109710518065,0.07553643882686267
124,4.104471,0.09884608830304042,0.007515914088517961,0.07144703603868367
125,4.137841,0.10985176803737767,0.011020525483104894,0.08020239527109584
126,4.171210,0.11496148823387432,0.010781558057433803,0.08370750918094216
127,4.204580,0.1334646087442612,0.015657658250622337,0.09812252359616953
128,4.237950,0.15080788225612043,0.019445648403413257,0.11139921210030827
129,4.271320,0.15464111867166055,0.02067535898775976,0.1144513907664903
130,4.304689,0.15447835331638302,0.021321669430127872,0.11453134815050647
131,4.338059,0.15295509890925182,0.02247196868231773,0.11381015984117158
132,4.371429,0.1496437015943457,0.022597229419414073,0.1115297599418662
133,4.404798,0.14897760278349714,0.022764336981562175,0.11111362304291665
134,4.438168,0.147376998724259,0.023027742211317107,0.11007222177037643
135,4.471538,0.14633981507155555,0.02360755526850178,0.1095201371306394
136,4.504907,0.14432584073944604,0.02329845899250471,0.10801762621536364
137,4.538277,0.13656200923811596,0.022977742801896066,0.10248672930724997
138,4.571647,0.12810021152342446,0.021135027722920276,0.09601065638327319
139,4.605016,0.12828046551724184,0.02187780463199332,0.09635966725166728
140,4.638386,0.12720465326560973,0.021626750905568114,0.09553128255759724
141,4.671756,0.1241710953437981,0.020721773103501973,0.09313629867170926
142,4.705125,0.12120915207787848,0.019766552644883827,0.09077637224798009
143,4.738495,0.12324565170753124,0.020141907583541598,0.09231452847033435
144,4.771865,0.12499399642774417,0.02047584813685541,0.09363855194047753
145,4.805234,0.12440749156733609,0.020277017856920262,0.09316834945421135
146,4.838604,0.12448923362044124,0.0196724169890261,0.0930441886310167
147,4.871974,0.12359643607405933,0.019694111391839735,0.09242573866939345
148,4.905344,0.11878334258330654,0.018283456500386992,0.08863337675843067
149,4.938713,0.12048058876692604,0.019448813504712396,0.09017105618826195
150,4.972083,0.11717284050244488,0.019626023855372567,0.08790879550832319
151,5.005453,0.11753852902221261,0.020703088033517118,0.08848789672560396
152,5.038822,0.11860780799873766,0.02127521345817839,0.08940802963656988
153,5.072192,0.12106131006207776,0.021546471809380605,0.09120685858626862
154,5.105562,0.12119496262368536,0.020720200322729154,0.09105253393339849
155,5.138931,0.11828306742810671,0.01913663217437386,0.08853913685198686
156,5.172301,0.11836442683617417,0.01876273946693628,0.08848392062540279
157,5.205671,0.12011387416617672,0.019324738961686072,0.08987713360482952
158,5.239040,0.12169039916847696,0.019213490964678063,0.09094732670733728
159,5.272410,0.12251027138692996,0.019280857332196703,0.09154144717050998
160,5.305780,0.12050463510551915,0.018069214586726397,0.08977400894988131
161,5.339149,0.11606500610521522,0.016597998562247793,0.08622490384232499
162,5.372519,0.10957963686862524,0.013907303169805789,0.08087793675897939
163,5.405889,0.10725032796024853,0.012735108862691772,0.0788957622309815
164,5.439258,0.10747021837918924,0.012731948164004197,0.07904873731463373
165,5.472628,0.10733878823140139,0.012506497179348213,0.07888910091578542
166,5.505998,0.10641411806786001,0.012637479346382454,0.07828112645141674
167,5.539368,0.10711570466963119,0.013018129532947856,0.07888643212862619
168,5.572737,0.10567613449389014,0.013136864545773891,0.07791435350945526
169,5.606107,0.10358558172697914,0.012968107833651741,0.07640033955898091
170,5.639477,0.09994833954537977,0.01205577034265934,0.07358056878456362
171,5.672846,0.09494168144699924,0.010155643666231912,0.06950587011276904
172,5.706216,0.09408522589539162,0.009537365922242975,0.06872086790344702
173,5.739586,0.09396094642911622,0.009522792134329638,0.06862950014068023
174,5.772955,0.09335415663737254,0.009574528013939975,0.06822026805034277
175,5.806325,0.096806855428271,0.010935208242671586,0.07104536127259117
176,5.839695,0.09631194407059086,0.010180223285588772,0.07047242783509024
177,5.873064,0.09884144212518381,0.011099651337737349,0.07251890488894985
178,5.906434,0.09988418207509091,0.010993612982177273,0.07321701134721681
179,5.939804,0.10184712091824069,0.0112250780944085,0.07466050807109104
180,5.973173,0.11216058780372204,0.01490323915224036,0.08298338320827753
181,6.006543,0.12041624124519963,0.019210992604117585,0.09005466665287501
182,6.039913,0.11943590716236815,0.019678089903639725,0.08950856198474962
183,6.073282,0.11787527731285084,0.019628307724227332,0.08840118643626378
184,6.106652,0.11775112992991739,0.019438932297178045,0.08825747064009558
185,6.140022,0.11871980821387891,0.019897063943579155,0.08907298493278898
186,6.173391,0.11875599253451155,0.018820876758631443,0.0887754578017475
187,6.206761,0.12372884157936151,0.019993803376500457,0.0926083301185032
188,6.240131,0.12308046026835458,0.019445276085082345,0.09198990501337291
189,6.273501,0.11675110672059934,0.015804967005157402,0.08646726480596675
190,6.306870,0.10329838011855931,0.009625294713542771,0.07519645449705435
191,6.340240,0.09377642701231165,0.00660880029149634,0.06762613899606705
192,6.373610,0.08741359250260367,0.005839715376183172,0.06294142936467752
193,6.406979,0.08555734098219939,0.0055845312030569265,0.061565498048456645
194,6.440349,0.08652135920971396,0.00545341580019381,0.06220097618685791
195,6.473719,0.08774215721572086,0.005989338387469645,0.0632163115672455
196,6.507088,0.08940912615114317,0.006097624245006069,0.06441567557930203
197,6.540458,0.10700552693434676,0.011303752941862977,0.07829499473660162
198,6.573828,0.1413842226606839,0.023920013473751577,0.1061449599046042
199,6.607197,0.15761123824328338,0.03014301880989955,0.11937077241326823
200,6.640567,0.16491486998113397,0.03366057026315312,0.1255385800657397
201,6.673937,0.17150337561857623,0.03677164177889365,0.13108385546667145
202,6.707306,0.17497290488407666,0.03881339810042313,0.13412505284898057
203,6.740676,0.17451878766423526,0.04002204429929597,0.13416976465475347
204,6.774046,0.1748911461246863,0.04134465062660781,0.13482719747526273
205,6.807415,0.17334978577827131,0.04059438828002871,0.13352316652879853
206,6.840785,0.17265593796380768,0.04071616879245911,0.1330740072124031
207,6.874155,0.17197895354417073,0.04048918398995659,0.13253202267790648
208,6.907525,0.16658322857851826,0.03721808661908937,0.12777368599068958
209,6.940894,0.15943839502993817,0.033343332782174426,0.12160987635560905
210,6.974264,0.14727585158838086,0.029955981913395952,0.11207989068588538
211,7.007634,0.13980902069615275,0.026220326086765656,0.10573241231333662
212,7.041003,0.12782100939545132,0.0214886151862181,0.09592129113268134
213,7.074373,0.1204791001891844,0.01966131577009214,0.09023376486345672
214,7.107743,0.11533123861626839,0.016306752488582387,0.08562389277796258
215,7.141112,0.11277235633338083,0.015126229257564008,0.08347851821063579
216,7.174482,0.1091779592310993,0.01335788220003061,0.0804319361217787
217,7.207852,0.11513025424610067,0.016138664049532736,0.08543277718713028
218,7.241221,0.13821118175131084,0.02885047991377087,0.10540297120004885
219,7.274591,0.14939716984268228,0.034578721686338416,0.11495163539577913
220,7.307961,0.15218914868404596,0.035962891577316795,0.11732127155202719
221,7.341330,0.15338232394329646,0.03660948764906844,0.11835047305502805
222,7.374700,0.1535792200447159,0.0358355388669328,0.11825611569138096
223,7.408070,0.15340021320098285,0.03414010374079391,0.11762218036292617
224,7.441439,0.15344045705930368,0.033957034624303384,0.11759543032880358
225,7.474809,0.1543011289896792,0.035877701134122975,0.11877410063301233
226,7.508179,0.16621403968750967,0.04283771606937428,0.12920114260206905
227,7.541549,0.18316154637356366,0.04968432743140996,0.14311838069091753
228,7.574918,0.18241276638230308,0.04914223845423365,0.14243160800388224
229,7.608288,0.17131649048550338,0.04394951957011078,0.1331063992108856
230,7.641658,0.164905983636781,0.040336705278511936,0.12753520012930028
231,7.675027,0.15099601430292844,0.03488217054908317,0.11616186117677485
232,7.708397,0.1401284721473673,0.030469177968067973,0.10723068389357748
233,7.741767,0.13663086821811127,0.02885990793573912,0.10429958013339961
234,7.775136,0.13476392471303134,0.02752114391996397,0.10259109047511113
235,7.808506,0.13304181234806728,0.02557954734131887,0.10080313284604275
236,7.841876,0.12107359610571526,0.017669226358895892,0.09005228518166945
237,7.875245,0.11372116621409478,0.012752603237796294,0.08343059732120522
238,7.908615,0.11553371698749396,0.012068064837491106,0.08449402134249309
239,7.941985,0.11506719926268026,0.010621808728486315,0.08373358210242207
240,7.975354,0.10384946906541567,0.006217888726456238,0.07455999496372784
241,8.008724,0.09353882879883986,0.0030627171670300516,0.0663959953092969
242,8.042094,0.10087616073332255,0.003550223205821083,0.07167837947507211
243,8.075463,0.13506604587217805,0.017423969466031378,0.09977342295033403
244,8.108833,0.16352831585268834,0.028815949713293387,0.12311460601086985
245,8.142203,0.1756195965505455,0.03413599467487071,0.13317451598784305
246,8.175573,0.18961968206549396,0.04178006579616306,0.14526779718469465
247,8.208942,0.197190792633148,0.0456456073308871,0.1517272370424697
248,8.242312,0.1985073663159361,0.04599210717877068,0.15275278857478647
249,8.275682,0.1892910828615323,0.040124343650163756,0.14454106109812173
250,8.309051,0.14369667290042598,0.02059671967444965,0.10676668693263308
251,8.342421,0.110984985093291,0.006744517588173793,0.07971284484175584
252,8.375791,0.09987878796479296,0.0021152779801405447,0.07054973496939723
253,8.409160,0.12400238853232146,0.010311742609593251,0.08989519475550299
254,8.442530,0.1617198108155195,0.029592544630590783,0.12208163096004088
255,8.475900,0.18147766165689233,0.04430889079056299,0.14032703039699354
256,8.509269,0.19050451899460413,0.04899261315952873,0.1480509472440815
257,8.542639,0.20159559379013767,0.05702821856059785,0.15822538122127572
258,8.576009,0.2092214225267925,0.06128597029986369,0.16484078685871384
259,8.609378,0.2054831303878554,0.06009128916036068,0.16186557801960696
260,8.642748,0.19149136421539975,0.05553110131616988,0.15070328534563077
261,8.676118,0.1929046916800549,0.05452959659744388,0.15139216315527157
262,8.709487,0.1912277553244432,0.05327295859878382,0.14984131630674538
263,8.742857,0.19035865303803615,0.05247254000814754,0.14899281912906956
264,8.776227,0.19110049422036413,0.05351272096925135,0.14982416224503028
265,8.809597,0.19044705755910848,0.053330228048511154,0.14931200870592928
266,8.842966,0.19182153655109124,0.054503259022240756,0.15062605329243609
267,8.876336,0.19052946014390643,0.05365854589601924,0.14946818586954028
268,8.909706,0.18889202458933063,0.05326325296406056,0.1482033931017496
269,8.943075,0.19050063448256768,0.05365052901908476,0.1494456028435228
270,8.976445,0.1855110743329707,0.04963481558726337,0.14474819670925848
271,9.009815,0.16532234573890256,0.03955868959456872,0.12759324889560242
272,9.043184,0.13212436154045093,0.023283432650066823,0.0994720828733357
273,9.076554,0.1113669873543885,0.01461115085542439,0.08234023640469926
274,9.109924,0.10557288152054539,0.011298853305714302,0.07729067305609605
275,9.143293,0.10391446533846303,0.0100744797444515,0.07576246966025957
276,9.176663,0.11823686387439515,0.018493332893732582,0.08831380458019637
277,9.210033,0.1445396425522147,0.03164672784306148,0.11067176813946872
278,9.243402,0.16368083213048568,0.04239337693386742,0.1272945955715002
279,9.276772,0.17156008864647007,0.04689796669488687,0.13416145206099508
280,9.310142,0.16887824288303405,0.046258965961065796,0.13209245980644355
281,9.343511,0.16930945470132802,0.04691204937374681,0.13259023310305365
282,9.376881,0.16790169761379095,0.0469948112571175,0.1316296317067889
283,9.410251,0.1656576389380352,0.04656822348668258,0.1299308143026294
284,9.443621,0.16386394620222686,0.04675381895445911,0.12873090802789652
285,9.476990,0.16185650255058412,0.04630777271223,0.12719188359907788
286,9.510360,0.1589750450656467,0.04469290039478638,0.12469040166438859
287,9.543730,0.15731263515101176,0.04382378888637242,0.12326598127161996
288,9.577099,0.15594029671873763,0.043485439812812623,0.12220383964696012
289,9.610469,0.15509253139950666,0.0432009442257214,0.12152505524737107
290,9.643839,0.15541165138651156,0.043442853808156066,0.1218210121130049
291,9.677208,0.15580172714179524,0.043562940897267324,0.12213009126843687
292,9.710578,0.15563481170070717,0.043501575077724126,0.12199484071381225
293,9.743948,0.15501272928354942,0.04318602089547574,0.1214647167671273
294,9.777317,0.15243646321246046,0.04208154278549198,0.11932998708436991
295,9.810687,0.150259277672073,0.04144956585291937,0.11761636412632691
296,9.844057,0.14997490440210254,0.04165882212838722,0.11748007971998795
297,9.877426,0.14697594159271485,0.04052834691260642,0.11504166318868231
298,9.910796,0.14731584842856046,0.040773493859644405,0.11535314205788563
299,9.944166,0.1472651112538243,0.04055108630598083,0.11525090376947125
300,9.977535,0.1491187392331198,0.04114887005598692,0.11672777847997992
301,10.010905,0.147552516253485,0.040137103801860356,0.1153278925179976
302,10.044275,0.1482236794622931,0.04009421375272705,0.11578483974942327
303,10.077644,0.14898089242738066,0.04012158342785771,0.11632309972752376
304,10.111014,0.14948918826911448,0.04022465792208699,0.11670982916500623
305,10.144384,0.15051110522490163,0.040606251578956074,0.11753964913111796
306,10.177754,0.15217829945765593,0.04074901429038481,0.1187495139074746
307,10.211123,0.15309583722947745,0.040775807037481404,0.11939982817187864
308,10.244493,0.1524292914547426,0.04046769395353798,0.11884081220438121
309,10.277863,0.14560190588534935,0.03782634884513026,0.11326923877328361
310,10.311232,0.1298680874966055,0.031109188427775162,0.10024041777595638
311,10.344602,0.1158221713996082,0.024621275050701028,0.08846190249493603
312,10.377972,0.11865302258208486,0.02443235566891748,0.09038682250813465
313,10.411341,0.12156768846804457,0.024392279401511716,0.09241506574808471
314,10.444711,0.12358173870991769,0.0235259883053975,0.09356501358856163
315,10.478081,0.12471335116358336,0.022136124843267435,0.09394018326748858
316,10.511450,0.11715694481462295,0.017082164845058815,0.08713451082375372
317,10.544820,0.11256320693868598,0.01411957569840244,0.08303011756660092
318,10.578190,0.1144092190299267,0.013620110438029253,0.08417248645235746
319,10.611559,0.10474308213563781,0.00790816737832777,0.07569260770844478
320,10.644929,0.09983961769300231,0.005470194999131362,0.07152879088484101
321,10.678299,0.10035152966905843,0.005589874921368122,0.07192303324475134
322,10.711668,0.10625994200405062,0.007643349250894708,0.07667496417810384
323,10.745038,0.11845530874073434,0.013513674862370765,0.08697281857722526
324,10.778408,0.128103565127782,0.018627743652154843,0.09526081868509385
325,10.811778,0.1313156203906486,0.021326643396660863,0.09831892729245226
326,10.845147,0.13289496662913075,0.022800557404510993,0.09986664386174482
327,10.878517,0.14085703683847972,0.026280306863487278,0.10648401784598198
328,10.911887,0.14673970014825213,0.028719021205395177,0.11133349646539505
329,10.945256,0.15276559009701088,0.031580994509795304,0.11641021142084619
330,10.978626,0.1577129157642823,0.034884111692277044,0.12086427454268071
331,11.011996,0.16097944712058818,0.03773192468930203,0.12400519039120232
332,11.045365,0.16252878632698547,0.03984528567045475,0.12572373613002624
333,11.078735,0.15924199294472463,0.038279310608554856,0.12295318824387369
334,11.112105,0.15538941602098796,0.03693921675709012,0.1198543562418186
335,11.145474,0.1484442907884862,0.03366930807717996,0.11401179597509431
336,11.178844,0.138181010507912,0.028217339977499388,0.10519190934878822
337,11.212214,0.12984571778158296,0.024154302604904435,0.0981382932285794
338,11.245583,0.12249678264408219,0.020535632097326173,0.09190843748005538
339,11.278953,0.1217804977111761,0.020044933039744854,0.09125982830974673
340,11.312323,0.1258318565432332,0.02142357776011327,0.09450937290829721
341,11.345692,0.12380002109714504,0.020461849350684274,0.0927985695732068
342,11.379062,0.11912029425696052,0.018866272811856356,0.08904408782342928
343,11.412432,0.119588449821805,0.018889711105217262,0.08937882820682867
344,11.445802,0.12237774534499457,0.01953362053534362,0.09152450790209928
345,11.479171,0.1231902625392514,0.019883470845737838,0.09219822503119733
346,11.512541,0.12577749185077003,0.02038509059741094,0.0941597714747623
347,11.545911,0.12399612810118217,0.018397681216649867,0.09231659403582247
348,11.579280,0.12373471485377852,0.0170027736257807,0.09171513248537916
349,11.612650,0.1303804938584101,0.01875761310381886,0.09689362963203273
350,11.646020,0.1335185554274282,0.019711687235849196,0.09937649496995449
351,11.679389,0.1344592056323317,0.019512838171274294,0.09997529539401448
352,11.712759,0.10715834078390288,0.006598696011910997,0.07699044735230531
353,11.746129,0.09612819340349608,0.0021495600000356703,0.06793460338245796
354,11.779498,0.09868858408768455,0.0037641558350075006,0.07021125561188142
355,11.812868,0.11163758529084883,0.006705468138022351,0.08015795014500089
356,11.846238,0.14224068182723942,0.01693107142028912,0.10464779870515432
357,11.879607,0.17048524880406155,0.029672278289606512,0.12824135764972502
358,11.912977,0.17933498562223976,0.034153728442512285,0.1357806084683215
359,11.946347,0.17438324633928617,0.03370408504893996,0.1321794979521823
360,11.979716,0.15986147031921596,0.03225083821875045,0.12157828068907629
361,12.013086,0.1642460971102937,0.0341016625542355,0.12520276674347625
362,12.046456,0.1679082876624851,0.03287980247084305,0.1273997421049925
363,12.079826,0.1860622798918725,0.037518940628220324,0.14149927811277682
364,12.113195,0.1974619227709805,0.04073665435982412,0.1504443422476336
365,12.146565,0.1980247442267568,0.04139642389115086,0.15103624812607502
366,12.179935,0.2010725281926175,0.043845658984377346,0.15390446743014546
367,12.213304,0.2151473120274866,0.048147193479745394,0.16504727646316425
368,12.246674,0.23379039994987363,0.05844713670816008,0.18118742097735954
369,12.280044,0.25626893340091655,0.06744323803141879,0.19962122479006722
370,12.313413,0.26810432135302015,0.07280681600988319,0.20951506975007905
371,12.346783,0.2717106495945327,0.07237145211476508,0.2119088903506024
372,12.380153,0.27626510875050586,0.07042459749654437,0.21451295537431742
373,12.413522,0.2801035549806723,0.06796232227823495,0.2164611851699411
374,12.446892,0.27388299828859747,0.06388793997238693,0.21088448079373429
375,12.480262,0.2712177656408327,0.06224635015760632,0.20852634099586478
376,12.513631,0.27717854112061074,0.0640586849727044,0.21324258427623882
377,12.547001,0.27906066786749056,0.06485096507154253,0.21479775702870613
378,12.580371,0.2819177953249923,0.07096974791651599,0.2186333811024494
379,12.613740,0.2776089698683121,0.0708646165932341,0.2155856638857887
380,12.647110,0.29277407629416957,0.08168712602781321,0.22944799121426265
381,12.680480,0.2785155991593448,0.07137274566783113,0.2163727431118907
382,12.713850,0.2698863570879417,0.06619079379554842,0.20877768810022368
383,12.747219,0.2648924364440177,0.06250837985679918,0.20417721946785214
384,12.780589,0.26134906179380774,0.05842037657878404,0.20047045622930063
385,12.813959,0.2472259017030078,0.051325932366899474,0.18845591090217528
386,12.847328,0.25278824643911624,0.04944582710832324,0.19178552063987833
387,12.880698,0.24358909253563957,0.0441781083122686,0.18376579726862827
388,12.914068,0.22248628469878262,0.035089353755731835,0.16626720541586737
389,12.947437,0.20705950562239975,0.02641116159146392,0.15286500241311898
390,12.980807,0.21161666863725373,0.028662791068931312,0.156730505366757
391,13.014177,0.2113908345104567,0.029555116619080998,0.15684011914304397
392,13.047546,0.20932641534575264,0.03209973517519536,0.15615841129458544
393,13.080916,0.22175478935696047,0.03656817240593332,0.16619880427165232
394,13.114286,0.25367900228333506,0.05177538609807748,0.1931079174277578
395,13.147655,0.2741156645454513,0.06235577935637773,0.2105876989887292
396,13.181025,0.2896542647531496,0.0735407132187004,0.22482019929281483
397,13.214395,0.3050227688570189,0.08131425907830346,0.23791021592340425
398,13.247764,0.30583633455512577,0.08051040916205139,0.23823855693720344
399,13.281134,0.2845254911953455,0.06961519160281432,0.22005240131758613
400,13.314504,0.2027863258282081,0.03048437787501341,0.1510957414422497
401,13.347874,0.1482924146512139,0.007294633997107008,0.10599308045498182
402,13.381243,0.1354328407991513,0.0017913607092728979,0.09534039677218777
403,13.414613,0.13858584006974867,0.0020948471239680662,0.09763854218601449
404,13.447983,0.1449450110724799,0.004840337951849829,0.10291360913629087
405,13.481352,0.1753866403316693,0.01762182338729004,0.12805719524835552
406,13.514722,0.2347847268603909,0.040985312494817,0.1766449025507187
407,13.548092,0.286411418476854,0.06503870886574545,0.21999960559352139
408,13.581461,0.2834911264216159,0.06956480897464772,0.21931323118752544
409,13.614831,0.26982343019918553,0.07056611598478407,0.21004623593486507
410,13.648201,0.24192047072613698,0.06211623389926577,0.18797919967807558
411,13.681570,0.2165805787914799,0.05258632998141194,0.1673823041484595
412,13.714940,0.20610474837010126,0.04701255760185944,0.15837709113962872
413,13.748310,0.20015847359625005,0.04468762372141212,0.15351721863379866
414,13.781679,0.2003426683215008,0.04824819373883012,0.1547143259466996
415,13.815049,0.2078877096688403,0.05474562616001631,0.16194508461619309
416,13.848419,0.2070564464344222,0.057261440831586054,0.16211794475357136
417,13.881788,0.20360560967766045,0.05816630621719046,0.15997381863951943
418,13.915158,0.21431592798627785,0.06382593835298868,0.16916893109629108
419,13.948528,0.22314674085452219,0.06762116709982026,0.1764890687281116
420,13.981897,0.20990032248614776,0.05850926392512273,0.16448300491784024
421,14.015267,0.20332765129984495,0.0486416704208917,0.15692185703615896
422,14.048637,0.1591652016807387,0.019756374488465036,0.11734255352305659
423,14.082007,0.15025148059115576,0.012629375971770355,0.10896484920534014
424,14.115376,0.14760100532312806,0.010420982722876646,0.10644699854305263
425,14.148746,0.147168845277362,0.013500673055928237,0.10706839361093186
426,14.182116,0.18264011202538558,0.03250455088310499,0.1375994436827014
427,14.215485,0.19979566128187537,0.04544456503750187,0.1534903324085633
428,14.248855,0.20494312586810473,0.05215123256930227,0.15910555787846398
429,14.282225,0.20143153151377266,0.05386235433138536,0.15716077835905645
430,14.315594,0.206556164989294,0.06480239717337383,0.16403003464451793
431,14.348964,0.20375922352756387,0.0662949216322448,0.16251993295896813
432,14.382334,0.21367095754308618,0.07236914484819477,0.17128041373461875
433,14.415703,0.22037381401295958,0.07561529663292307,0.1769462587989486
434,14.449073,0.21434278073459972,0.07167521550362259,0.17154251116530655
435,14.482443,0.20667707302648186,0.06695816695841376,0.16476140120606142
436,14.515812,0.19356659453319056,0.0632371476624616,0.15446776047197186
437,14.549182,0.18377884002409062,0.05862947583308368,0.14623403076678854
438,14.582552,0.16996522100277367,0.05519775239739395,0.13553498042115975
439,14.615921,0.16110606603443267,0.05031941786373233,0.12787007158322256
440,14.649291,0.15840115954968795,0.0472913012279038,0.1250682020531527
441,14.682661,0.1547090245177276,0.0451207089819977,0.12183252985700864
442,14.716031,0.15827269569407576,0.04549571917144348,0.12443960273728608
443,14.749400,0.16041766181641598,0.04715548978794623,0.12643901020787504
444,14.782770,0.1587212611563639,0.04646583575743227,0.12504463353668438
445,14.816140,0.15697499689713298,0.046105887562051445,0.12371426409660852
446,14.849509,0.16171684005359874,0.048264170531583765,0.12768103919699425
447,14.882879,0.16547377441500244,0.04976563892812221,0.13076133376893836
448,14.916249,0.16598197629595368,0.050382920914492674,0.13130225968151538
449,14.949618,0.16383262273983018,0.050630623906786416,0.12987202308991705
450,14.982988,0.17062552038864523,0.052776142796064913,0.13527070711087114
451,15.016358,0.17464058448879927,0.053638051065009636,0.13833982446166238
452,15.049727,0.16843994572547366,0.049679754367205314,0.13281188831799315
453,15.083097,0.1647094340269746,0.047145111043347836,0.12944013713188657
454,15.116467,0.16651103974115283,0.048026114922807346,0.13096556229564918
455,15.149836,0.16597832951980526,0.04792819608369576,0.1305632894889724
456,15.183206,0.16676482400110762,0.04788695646865039,0.13110146374137044
457,15.216576,0.16635217334922286,0.04677201801089354,0.13047812674772408
458,15.249945,0.1598485884705463,0.04404625282162401,0.12510788777586962
459,15.283315,0.15526928565684847,0.040738523566951526,0.12091005702987938
460,15.316685,0.1525741540679817,0.038347661500376704,0.1183062062977002
461,15.350055,0.15280494227662322,0.037168301744208126,0.11811395011689868
462,15.383424,0.15098724226161758,0.035970108122411554,0.11648210201985577
463,15.416794,0.14974233397573147,0.03585117440226284,0.11557498610369088
464,15.450164,0.14949737186299875,0.03602484011956988,0.11545561233997008
465,15.483533,0.14781134969606674,0.035471336131409355,0.11410934562666952
466,15.516903,0.14746793837112024,0.035113507834475186,0.11376160921012671
467,15.550273,0.1504161752676146,0.036553925266904284,0.11625750026740152
468,15.583642,0.1549629689676952,0.03826400138434269,0.11995327869268944
469,15.617012,0.16050849664491507,0.04056476942378932,0.12452537847857734
470,15.650382,0.16541724736485125,0.04344438562752474,0.1288253888436533
471,15.683751,0.16766508514978976,0.0443379491276312,0.1306669443431422
472,15.717121,0.16762232028523105,0.04383448535607479,0.13048596980648416
473,15.750491,0.16610027547405395,0.04317087133733919,0.12922145423303952
474,15.783860,0.1616355649017009,0.041237948753299225,0.12551628005718038
475,15.817230,0.15362254053208727,0.037172144372736096,0.1186874216842819
476,15.850600,0.14621307856084964,0.034474312824572834,0.1126914488399666
477,15.883969,0.1412270178952968,0.032828670789935975,0.10870751376368855
478,15.917339,0.13869274022208283,0.03150267353329877,0.1065357202154476
479,15.950709,0.1376914152647198,0.030770393111364265,0.10561510861871314
480,15.984079,0.13645066388603114,0.028644831032606264,0.10410891403000368
481,16.017448,0.13732482309957875,0.027412218789996872,0.10435104180670417
482,16.050818,0.13555384763845554,0.02556697266227949,0.10255778514560272
483,16.084188,0.13294728371922215,0.022886483032328642,0.0999290435131541
484,16.117557,0.1304937140084605,0.020498667051782878,0.0974951999214572
485,16.150927,0.12349063906420991,0.016134014822292403,0.09128365179163465
486,16.184297,0.11215148835851813,0.010726502438019925,0.08172399258236866
487,16.217666,0.10530095196553048,0.007119348191825574,0.075846470833419
488,16.251036,0.10159603825828217,0.005667552626009148,0.07281749256860026
489,16.284406,0.10133438475116842,0.00655868184836561,0.07290167388032757
490,16.317775,0.09848099900612221,0.005644038540857414,0.07062991086654277
491,16.351145,0.09558409393929965,0.00546034565992736,0.06854696945548795
492,16.384515,0.09520122880143304,0.005627862013381027,0.06832921876501744
493,16.417884,0.0911338641486247,0.004043389830758921,0.06500672185326498
494,16.451254,0.08611523349895413,0.0018835874279605838,0.06084573967765606
495,16.484624,0.08261469748009649,0.00046179199358959913,0.05796882583414442
496,16.517993,0.07980858921000354,0.000277447610585684,0.05594924673017818
497,16.551363,0.0760687110881991,0.0008023995454014238,0.05348881762535979
498,16.584733,0.07368883023647554,0.0010499740662408613,0.051897173385405136
499,16.618103,0.07193487464452766,0.0016270242133167923,0.0508425195151644
500,16.651472,0.07787516776390366,0.004265678317249122,0.05579232092990729
501,16.684842,0.0768330357092927,0.0038232984172276866,0.05493011452167319
502,16.718212,0.08177169033319616,0.005797721993426805,0.058979499831265346
503,16.751581,0.08691731961111267,0.009029102811781292,0.06355085457131325
504,16.784951,0.08558283778609634,0.00784090259814531,0.06226025722971102
505,16.818321,0.08584585940262589,0.007880629022511344,0.062456290288591516
506,16.851690,0.08741914323000001,0.008675206205993529,0.06379596212279806
507,16.885060,0.08479520773311017,0.007789883731541413,0.06169361053263953
508,16.918430,0.08304007924014296,0.007409799863762495,0.06035099542722882
509,16.951799,0.08524561804550675,0.007840460301354737,0.06202407072226114
510,16.985169,0.08264910527390579,0.006458917783126953,0.05979204902667213
511,17.018539,0.08247773608722658,0.005920760609903843,0.05951064344402975
512,17.051908,0.08210363910212196,0.005434678361316701,0.05910295087988037
513,17.085278,0.08381532811000955,0.0053971391456453036,0.060289871420700275
514,17.118648,0.08464368625542977,0.005321083290045164,0.060846905365814385
515,17.152017,0.08452390847861775,0.005199345434616894,0.060726539565417494
516,17.185387,0.08489394176128551,0.005113735396365611,0.060959879851809534
517,17.218757,0.08623250363570191,0.005167814704762359,0.06191309695642004
518,17.252126,0.08783895807480337,0.00547890350307284,0.0631309417032842
519,17.285496,0.09051704811018142,0.006146586276688224,0.06520590956013346
520,17.318866,0.0955919643578145,0.007059066742974998,0.06903209507336264
521,17.352236,0.10367318121134672,0.01004976243107698,0.07558615557726579
522,17.385605,0.11232260332005017,0.013243655351214577,0.0825989189293995
523,17.418975,0.12183410519598475,0.016587621640021696,0.09026016012919583
524,17.452345,0.11676298014253991,0.015561360631952497,0.08640249428936368
525,17.485714,0.11206579740631445,0.013729219517297166,0.08256482403960926
526,17.519084,0.11177456499843415,0.014541192195305625,0.0826045531574956
527,17.552454,0.11339055052828965,0.015030861903513607,0.08388264394085683
528,17.585823,0.11809310502493074,0.01664465973950075,0.08765857143930175
529,17.619193,0.11734574816795365,0.016186968094904202,0.08699811414603882
530,17.652563,0.11526352881329346,0.015243244185428332,0.08525744342493392
531,17.685932,0.11359865996847476,0.014624908646584119,0.08390653457190757
532,17.719302,0.11299060728385028,0.014172216471381354,0.0833450900401096
533,17.752672,0.1129384035481015,0.013859886498226129,0.08321484843313888
534,17.786041,0.11901000732787001,0.015572605130420908,0.08797878666863528
535,17.819411,0.13733134074470285,0.021512769248377056,0.10258576929580511
536,17.852781,0.1720211439143713,0.033580279820293754,0.13048888468614803
537,17.886150,0.20167916079522258,0.047200271708032815,0.15533549406906566
538,17.919520,0.2144896794589103,0.05516044588910756,0.16669090938796943
539,17.952890,0.22285815550944602,0.060943629907315465,0.17428379782880685
540,17.986260,0.22764621550414554,0.062192490233900756,0.1780100979230721
541,18.019629,0.21749369687839426,0.05856266347313514,0.1698143868568165
542,18.052999,0.20836859456811455,0.054951067893588605,0.16234333656575678
543,18.086369,0.19710043563079957,0.05085925119808042,0.1532280803009838
544,18.119738,0.18173373925103142,0.04503539309542995,0.14072423540435097
545,18.153108,0.16234676728688932,0.03739805195520376,0.12486215268738364
546,18.186478,0.13976189221938246,0.02513194042017124,0.10537290667961909
547,18.219847,0.12296770172334763,0.01785607704152171,0.09143421431879985
548,18.253217,0.11101324984793215,0.01096275260155301,0.08099810067401841
549,18.286587,0.09629556847153774,0.0037733929500166196,0.0685389158150814
550,18.319956,0.08574195824027522,0.002764920101926624,0.06084884679877064
551,18.353326,0.10955580245990615,0.0069686834178681245,0.07877966674729472
552,18.386696,0.15255329518659289,0.02450966176767988,0.11414020516091898
553,18.420065,0.17395180218960046,0.03442759624456978,0.13209454040609125
554,18.453435,0.16717792740279533,0.033524824315681004,0.12708199647666102
555,18.486805,0.15442941131187052,0.028996879284880237,0.11679965170377343
556,18.520174,0.12514943912643497,0.019330827720191523,0.09340385570456193
557,18.553544,0.10403371843906858,0.012647629837909638,0.0766178918587209
558,18.586914,0.09747907010618616,0.010167342443567528,0.07128555180740057
559,18.620284,0.09487209124455111,0.008693167805089797,0.06901841421271271
560,18.653653,0.11050801831017175,0.012481922534905647,0.08110018957759192
561,18.687023,0.12630090627807397,0.01886777288265892,0.09407096625944944
562,18.720393,0.13715251660103392,0.023965847733963437,0.10319651594091277
563,18.753762,0.14210004016333866,0.02752082008476208,0.10772627413976568
564,18.787132,0.1474110973070855,0.030761063313976284,0.11241608710915271
565,18.820502,0.15168218629140534,0.03306575454678749,0.11609725676801998
566,18.853871,0.1566083281946039,0.035839979323463535,0.12037782353326179
567,18.887241,0.16840213525902584,0.03945421685506981,0.12971775973783903
568,18.920611,0.1886066254944234,0.04711351288305717,0.1461586917110135
569,18.953980,0.20067701840990682,0.051189174968139024,0.15583066537737647
570,18.987350,0.19789841480202985,0.048188347289859206,0.15298539454837864
571,19.020720,0.1932227553597503,0.04269708702613779,0.14806505485966653
572,19.054089,0.1788275059904047,0.03498172322182533,0.1356737711598309
573,19.087459,0.16783450101395755,0.028234290566184008,0.12595443787962549
574,19.120829,0.16911382291970622,0.027402521901104062,0.12660043261412557
575,19.154198,0.17167008592447255,0.027853124381587973,0.12852499746160717
576,19.187568,0.1789761655331426,0.029871330167807915,0.1342447149235422
577,19.220938,0.17782990721016448,0.029865025971647568,0.1334404428386094
578,19.254308,0.16859193551896992,0.026372240737571804,0.12592602708455047
579,19.287677,0.1422432877365198,0.016279548594131818,0.1044541659938034
580,19.321047,0.12947316489449648,0.011686814670759263,0.09413725982737531
581,19.354417,0.12421479188261207,0.009698054672479198,0.08985977071957221
582,19.387786,0.12333268545363042,0.011056544329449445,0.08964984311637612
583,19.421156,0.12224142388187814,0.010659554304776749,0.08876686300874771
584,19.454526,0.12039970635280896,0.011581968311030547,0.08775438494027543
585,19.487895,0.12355182183599166,0.01292749067682704,0.09036452248824227
586,19.521265,0.12306333123704069,0.01110138971315945,0.08947474877987631
587,19.554635,0.1199486189840232,0.00862758429805806,0.08655230857823366
588,19.588004,0.12257658609925659,0.00928916189348756,0.08859035883752588
589,19.621374,0.12290771953561962,0.010294741115825238,0.0891238260096813
590,19.654744,0.13850894652091228,0.015617613704703905,0.10164154667604976
591,19.688113,0.14687722469967318,0.020368509361614936,0.1089246100982557
592,19.721483,0.14609205839995745,0.021665940477186264,0.10876422302312609
593,19.754853,0.14183980802164922,0.02133772558545052,0.1056891832907896
594,19.788222,0.1644298368521323,0.030007001675650888,0.12410298629918787
595,19.821592,0.17513110367344398,0.037148941127366775,0.13373645490962083
596,19.854962,0.21132304818478595,0.051478205183769096,0.1633695952844809
597,19.888332,0.23057752373197005,0.0618301587983227,0.17995331425187583
598,19.921701,0.23378400158598955,0.06274069576903005,0.1824710098409017
599,19.955071,0.23196185364586408,0.06169566097100425,0.1808819958434061
600,19.988441,0.22206967640941108,0.0580811777367908,0.17287312680762498
601,20.021810,0.21453550729737683,0.05822379495821337,0.1676419935956278
602,20.055180,0.22167410075521835,0.06309422447688802,0.17410013787171924
603,20.088550,0.2286502252130117,0.06683101504002657,0.18010446216111617
604,20.121919,0.23994423149752903,0.07148952435496682,0.18940781935476034
605,20.155289,0.24576815195820767,0.07475656264482278,0.1944646751641922
606,20.188659,0.24639603069016447,0.07402710638542498,0.1946853533987426
607,20.222028,0.2411895629666915,0.07249229322608783,0.1905803820445104
608,20.255398,0.23565412071815203,0.07099604073087284,0.18625669672196826
609,20.288768,0.23035939167653802,0.06911380157186897,0.1819857146451373
610,20.322137,0.19883410819915828,0.04885286012954626,0.15383973377827467
611,20.355507,0.17372142040932645,0.0379366495352554,0.13298598914710513
612,20.388877,0.16464262248390119,0.03270008495143311,0.12505986122416074
613,20.422246,0.16744584239205038,0.031236642453150006,0.12658308241038024
614,20.455616,0.16660388181088953,0.02891516885142308,0.12529726792304957
615,20.488986,0.16240410429559288,0.02731896724025664,0.121878563178992
616,20.522356,0.15733961324852813,0.02563255208600907,0.1178274948997724
617,20.555725,0.15321844739476198,0.025108521189283785,0.11478546953311852
618,20.589095,0.11846376523484556,0.01274434735771288,0.08674793987170575
619,20.622465,0.10182079545555703,0.0054907009534419845,0.07292176710492251
620,20.655834,0.09559460318767997,0.0019244630450514246,0.0674935611448914
621,20.689204,0.10383249421538715,0.0031563851592591183,0.07362966149854873
622,20.722574,0.1343153916345248,0.015851202556115523,0.09877613491100201
623,20.755943,0.15294518790220363,0.02643411706501857,0.1149918666510481
624,20.789313,0.1596832164954754,0.031115908828475845,0.12111302419537552
625,20.822683,0.1603082149863424,0.03274875560230933,0.12204037717113247
626,20.856052,0.1531067805535829,0.030080591742641133,0.11619892391030037
627,20.889422,0.14355838180519323,0.024457435360475652,0.10782809787177794
628,20.922792,0.14784589708332876,0.02497818936002864,0.11098558476633871
629,20.956161,0.15134850811269648,0.025632389967358823,0.11363367266909519
630,20.989531,0.15588551079155638,0.028464268462164596,0.11765913809273884
631,21.022901,0.1641844746217747,0.029305143928361366,0.1237206754137507
632,21.056270,0.17476071417441394,0.031624017402968795,0.1318197051429804
633,21.089640,0.1841568646000527,0.03315932667410586,0.13885760322226864
634,21.123010,0.1875964249409944,0.03326957690903105,0.1412983705314054
635,21.156379,0.1924434290703029,0.03486126100383036,0.14516877865036112
636,21.189749,0.19890547348527501,0.03912246702493346,0.15097057154717256
637,21.223119,0.20771282771211771,0.04536610702326551,0.15900881150546206
638,21.256489,0.21428072071904522,0.04808642838380594,0.16442243301847342
639,21.289858,0.21714764880064444,0.04920359717219868,0.16676443331211072
640,21.323228,0.21993912935903612,0.0497407724021639,0.16887962227197442
641,21.356598,0.2220173959872155,0.05065657997687386,0.17060915118411302
642,21.389967,0.2265538798236264,0.05276978561275839,0.17441865156036598
643,21.423337,0.23171704152155678,0.054813741191812614,0.1786460514226335
644,21.456707,0.23552041808341856,0.05548555204918305,0.1815099582731479
645,21.490076,0.23797694849143786,0.05482211380987055,0.18303049808696764
646,21.523446,0.23988053122486375,0.05482490370377126,0.18436384296853597
647,21.556816,0.23999204531716964,0.055718704097231064,0.18471004295118806
648,21.590185,0.23361987402293596,0.05356524677104498,0.17960348584736865
649,21.623555,0.22443057495721908,0.0503699906596091,0.17221239966793606
650,21.656925,0.22152090419741552,0.051081987868715796,0.1703892292988056
651,21.690294,0.21864171812367839,0.05192135755250952,0.1686256099523277
652,21.723664,0.2130259110637532,0.049795712061823365,0.16405685136317424
653,21.757034,0.2031065055960043,0.04568159190338647,0.15587903148821894
654,21.790403,0.20004316941329553,0.04401345456032382,0.153234254957404
655,21.823773,0.19982224229405215,0.043478530056833484,0.15291912862288654
656,21.857143,0.21724027186580389,0.05207203526180565,0.16768980088460442
657,21.890513,0.22228503933333899,0.05905233757731656,0.17331522880653225
658,21.923882,0.2126391633587213,0.05619168445352184,0.16570491968716144
659,21.957252,0.21034070865945032,0.05633027433005024,0.16413757836063028
660,21.990622,0.21432220345724315,0.05330094166314376,0.16601582491901332
661,22.023991,0.21264333979888084,0.05217121813002659,0.16450170329822456
662,22.057361,0.20248821910798684,0.04706765608955756,0.15586205020245805
663,22.090731,0.18845085952217655,0.04443992477561557,0.14524757909820823
664,22.124100,0.1643639293295859,0.031319112960843026,0.12445048441896303
665,22.157470,0.1304542627883922,0.01845948675787543,0.09685582997923715
666,22.190840,0.10526814428602392,0.008833601889275339,0.07633778156699934
667,22.224209,0.09769900200364479,0.00697718702688224,0.070482457510616
668,22.257579,0.10468426513535857,0.009594891579821498,0.07615745306869744
669,22.290949,0.12023189841466388,0.0158445354549979,0.08891568952676407
670,22.324318,0.1360805363948437,0.024650061244095457,0.1026513938496192
671,22.357688,0.13000565166352993,0.02394172941850582,0.0981864749900227
672,22.391058,0.11540531975178567,0.016559487829255256,0.08575157017502653
673,22.424427,0.10845683591042563,0.012989981380521721,0.07981677955145444
674,22.457797,0.11682336853465239,0.01598500923383158,0.08657186074440615
675,22.491167,0.11887289658965601,0.014361538236010017,0.0875194890835622
676,22.524537,0.12220892257501602,0.01433870585325378,0.08984785755848734
677,22.557906,0.12631792339514475,0.013544794273190743,0.09248598465855855
678,22.591276,0.13140842592012084,0.015576473096617006,0.09665884007306967
679,22.624646,0.13899240822903158,0.02058716532086222,0.10347083535658076
680,22.658015,0.1365688090017208,0.022505457581624512,0.10234980357569191
681,22.691385,0.1418955453731989,0.024533869552652122,0.10668704262703486
682,22.724755,0.14190076338082916,0.023759219191353615,0.1064583001239865
683,22.758124,0.14306473819368884,0.023875396120455805,0.10730793557171892
684,22.791494,0.13842400039864858,0.022203313074461918,0.10355779420139256
685,22.824864,0.13100509742806166,0.01686847709570796,0.09676411132835554
686,22.858233,0.13217579555288447,0.0158887209590676,0.09728967317473941
687,22.891603,0.14018639238471461,0.01761804825463599,0.10341588914569103
688,22.924973,0.15230668997296581,0.017724129464820552,0.11193192182052224
689,22.958342,0.16787018215669144,0.020546711034924448,0.12367314082016134
690,22.991712,0.170480330910991,0.021536825848824423,0.125797279392341
691,23.025082,0.17316782068770167,0.022779880318803642,0.12805143857703227
692,23.058451,0.17615919436285096,0.02420587729466423,0.13057319924239494
693,23.091821,0.17338694378645436,0.02404060724084094,0.12858304282277033
694,23.125191,0.14334560521033204,0.01674604120956201,0.10536573601010102
695,23.158561,0.12832556777241977,0.01312905361761477,0.09376661352597826
696,23.191930,0.1250506756099199,0.012961087060965017,0.09142379904523341
697,23.225300,0.13154444080395838,0.015236981203445974,0.09665220292380466
698,23.258670,0.13049507324860862,0.017571519101454505,0.09661800700446238
699,23.292039,0.14355602403379053,0.023050491025263405,0.10740436413123239
700,23.325409,0.15038357395150825,0.024991291093222973,0.11276588909402267
701,23.358779,0.15509862943549946,0.0268235054445509,0.1166160922382149
702,23.392148,0.15660383818799553,0.02711506148678873,0.11775720517763348
703,23.425518,0.16468739056227563,0.031106813135851483,0.12461321733434838
704,23.458888,0.17439987350037905,0.03521921975206824,0.13264567737588578
705,23.492257,0.18689233471498767,0.040442116192909126,0.14295726915836413
706,23.525627,0.192221061261238,0.0440525694819641,0.1477705137274558
707,23.558997,0.19745164288065728,0.0491649560873561,0.15296563684266692
708,23.592366,0.20429374298114175,0.05440343057864964,0.15932664926039408
709,23.625736,0.20658079884157635,0.05526526006211722,0.16118613720773858
710,23.659106,0.19472743498498443,0.047443970256322084,0.15054239556638574
711,23.692475,0.12867595506364343,0.022241546066070657,0.0967456323643716
712,23.725845,0.10606246876910186,0.011597338556658152,0.07772292970536875
713,23.759215,0.10554132975503905,0.008230829183646423,0.07634817958362125
714,23.792585,0.12466505987095058,0.014595590908595234,0.09164421918224397
715,23.825954,0.12877162360768085,0.015972951588001365,0.094932022001777
716,23.859324,0.10662320801467463,0.00838587900092912,0.07715200931055098
717,23.892694,0.09221874166409023,0.0029291862988188337,0.0654318750545088
718,23.926063,0.09303111870906655,0.0011354456500704138,0.06546241679136772
719,23.959433,0.10529638184538752,0.0036563817276121526,0.0748043818100549
720,23.992803,0.1258681041997541,0.013752765857218558,0.09223350269699343
721,24.026172,0.14821909328944863,0.023066330000217825,0.11067326430267937
722,24.059542,0.16292590452984324,0.029887428311655168,0.12301436166438681
723,24.092912,0.1689008439295563,0.03342080744355685,0.12825683298375645
724,24.126281,0.1734870306619993,0.03563375845827989,0.13213104900088346
725,24.159651,0.17593079219913732,0.038394561811364046,0.13466992308280534
726,24.193021,0.18063796555698802,0.041111046036453866,0.13877988970082777
727,24.226390,0.17954806218700836,0.04098438153624678,0.1379789579917799
728,24.259760,0.17127907552357624,0.03607208429459782,0.1307169781548827
729,24.293130,0.16693161640613616,0.031147129549846466,0.12619627034924924
730,24.326499,0.1614127482498483,0.028994137921490304,0.1216871651513409
731,24.359869,0.15816029135509194,0.02897262273355768,0.11940399076863165
732,24.393239,0.15747781996642607,0.02992552622181601,0.11921213184304305
733,24.426609,0.15849220377040166,0.029815987347932938,0.11988933884366103
734,24.459978,0.16093457517857415,0.03083895872821139,0.1219058902434653
735,24.493348,0.16415870063774277,0.0321165206291144,0.12454604663515424
736,24.526718,0.15920428422179994,0.028065827380625206,0.11986274716944752
737,24.560087,0.15956520612064495,0.028586290808816278,0.12027153152709634
738,24.593457,0.1627129473887745,0.030601463687825195,0.1230795022784897
739,24.626827,0.1714886172465569,0.03214602807206655,0.12968584049420978
740,24.660196,0.17538081886201703,0.031828035198705015,0.13231498376302342
741,24.693566,0.18104414324223886,0.03253215120426822,0.13649054563084764
742,24.726936,0.18680387644688232,0.033176426992741474,0.14071564161064007
743,24.760305,0.19107173232505123,0.03299170731599638,0.1436477248223348
744,24.793675,0.19826431711253462,0.03621299268826826,0.14964891978525469
745,24.827045,0.20990405778289484,0.04236491529789285,0.15964231503739423
746,24.860414,0.21553655546934436,0.044253091605436466,0.164151516310172
747,24.893784,0.2190095647284567,0.04516424451289113,0.16685596866378705
748,24.927154,0.2244739605470914,0.04916962195431213,0.1718826589692576
749,24.960523,0.23086564857140748,0.05189372880397508,0.17717407264117777
750,24.993893,0.2279891652179766,0.05185209467826347,0.17514804405606266
751,25.027263,0.23531127335064259,0.05458089623224422,0.1810921602151231
752,25.060632,0.24569167924367147,0.057624397432913144,0.18927149470044397
753,25.094002,0.25615805104047124,0.061594249409288516,0.19778891055111641
754,25.127372,0.26503205286743226,0.06248773707758006,0.20426875813047657
755,25.160742,0.2784421455487787,0.06681092841693624,0.21495278040922597
756,25.194111,0.27878808821367956,0.06675714801034009,0.2151788061526777
757,25.227481,0.29595093092723773,0.06899694543980249,0.22786473528100715
758,25.260851,0.29677593158060206,0.06547883254976074,0.22738680187134966
759,25.294220,0.30653126230397815,0.06130787421197541,0.23296424587637732
760,25.327590,0.3090835825752478,0.057495684858683976,0.23360721326027867
761,25.360960,0.296064568853317,0.051279688166985964,0.2226291046474177
762,25.394329,0.2810834917716929,0.043109376560325145,0.20969125720828255
763,25.427699,0.2764452951805033,0.03859648382186227,0.205090651772911
764,25.461069,0.2847564021574789,0.03983526560961279,0.21128006119311907
765,25.494438,0.26913814953929355,0.033131518567660556,0.19833616024780362
766,25.527808,0.2676725399403768,0.03389098482683258,0.19753807340631355
767,25.561178,0.2851213758954836,0.03857475931995771,0.21115739092282582
768,25.594547,0.30585096101583187,0.046435237548278545,0.22802624397556587
769,25.627917,0.3138807812939484,0.05034484833135805,0.23482000140517129
770,25.661287,0.3219951115570723,0.05070373794790224,0.24060769947432126
771,25.694656,0.34620613993382404,0.05587319517606869,0.25910625650649743
772,25.728026,0.3628487088597644,0.06118626646034674,0.27234997613993905
773,25.761396,0.3583383768832108,0.05461668635356551,0.2672218697243172
774,25.794766,0.343977076187867,0.04906772428624092,0.2555042706173791
775,25.828135,0.3376937139407457,0.04906597836124697,0.25110539326689607
776,25.861505,0.3205520825563417,0.04168752026906905,0.23689271387015992
777,25.894875,0.3175336562549176,0.04078435370860842,0.23450886549102481
778,25.928244,0.3117502352514302,0.04030937273367227,0.2303179764961028
779,25.961614,0.32762051403321196,0.04317676021712423,0.2422873878883856
780,25.994984,,,
781,26.028353,,,
782,26.061723,,,
783,26.095093,,,
784,26.128462,,,
785,26.161832,,,
786,26.195202,,,
787,26.228571,,,
788,26.261941,,,
789,26.295311,0.4097794284785584,0.04842252987514548,0.3013723588975345
790,26.328680,,,
791,26.362050,0.35589438473615054,0.04834524950720515,0.2636296441674669
792,26.395420,0.35908933567476525,0.04612295360156213,0.2651994210528043
793,26.428790,,,
794,26.462159,0.3197849811528649,0.04946989700735754,0.23869045590921267
795,26.495529,0.38695791332362484,0.054414134306190465,0.2871947796183945
796,26.528899,0.385691512783046,0.053299119958406645,0.28597379493565417
797,26.562268,,,
798,26.595638,0.3155732984806321,0.0558065309452872,0.2376432682200286
799,26.629008,,,
800,26.662377,0.28912562281656357,0.044973845275928785,0.21588008955437313
801,26.695747,,,
802,26.729117,,,
803,26.762486,,,
804,26.795856,,,
805,26.829226,0.24745696596424152,0.03831017112677282,0.18471292751300092
806,26.862595,,,
807,26.895965,0.18378962843994828,0.021600947956671248,0.13513302429496518
808,26.929335,,,
809,26.962704,0.1804265262514964,0.017679248568205696,0.1316023429465092
810,26.996074,,,
811,27.029444,0.18108600018968862,0.016535829051174174,0.1317209488481343
812,27.062814,,,
813,27.096183,0.2316694867113801,0.02921593510105643,0.17093342122828298
814,27.129553,,,
815,27.162923,,,
816,27.196292,,,
817,27.229662,0.2620374934479079,0.03920822548379996,0.1951887130586755
818,27.263032,,,
819,27.296401,0.21377391429679207,0.015377955136908908,0.15425512654882712
820,27.329771,0.1490912440677918,0.0033454222627572914,0.10536749752628144
821,27.363141,0.1476810152813459,0.003110752676554716,0.10430993649990852
822,27.396510,0.14557135149100145,0.00339310685282585,0.10291787809954876
823,27.429880,0.1477840424947772,0.003453130230483056,0.10448476881548895
824,27.463250,0.15309431261981496,0.004339279307615409,0.10846780262615509
825,27.496619,0.13763015373825388,0.0038629193492091063,0.09749998342154044
826,27.529989,0.11167610074038356,0.0005667146335738147,0.07834328490834064
827,27.563359,0.11167659194283452,0.0011627467045705361,0.07852243837135532
828,27.596728,0.11526821604239788,0.0039805044089630814,0.08188190255236744
829,27.630098,0.12033772476198591,0.007922438503799164,0.08661313888452989
830,27.663468,0.12949448875199718,0.012729935967840259,0.09446512291675009
831,27.696838,0.15444879466127265,0.024012376301224242,0.11531786915325812
832,27.730207,0.1683763176707364,0.031147631373419367,0.1272077117815413
833,27.763577,0.16977544602210645,0.02893127565158343,0.12752219491094954
834,27.796947,0.16491211893918592,0.022186028738417317,0.12209429187895533
835,27.830316,,,
836,27.863686,0.09504508459967145,0.004158629613270288,0.0677791481037511
837,27.897056,,,
838,27.930425,0.07210094680901578,0.001911722558130302,0.051044179533750136
839,27.963795,0.05461137407707973,0.0019124234727848903,0.038801688895791275
840,27.997165,0.0678592110833279,0.001157848950047381,0.04784880244334374
841,28.030534,0.07463434078444628,0.002182152006519078,0.05289868415106812
842,28.063904,0.07042818771886639,0.0030793874157671354,0.050223547627936606
843,28.097274,0.07101669486358862,0.002435283487224767,0.05044227145067946
844,28.130643,0.0700625121126408,0.0027481658926038033,0.04986820824662971
845,28.164013,0.07336766633719646,0.0018729752630257614,0.05191925901494525
846,28.197383,0.07952649673891463,0.0015498905553353174,0.05613351488384083
847,28.230752,0.07772074907752655,0.0014777589537680704,0.054847852040399006
848,28.264122,0.06988483814498757,0.0013552331093568642,0.049325956634298354
849,28.297492,0.06941404373234103,0.0013918476717170703,0.04900738491415384
850,28.330862,0.07040505234338543,0.0014753365256870996,0.049726137598075926
851,28.364231,0.07237114002986764,0.0019208620936102322,0.05123605664899041
852,28.397601,0.07072036399234788,0.001737338798118242,0.05002545643407899
853,28.430971,0.07313456121409906,0.0016155569896919818,0.051678859946776935
854,28.464340,0.08024487954059722,0.00511780085835121,0.057706755935923414
855,28.497710,0.06415345822065335,0.002944127933680388,0.045790659134561464
856,28.531080,0.055352497471442975,0.0029629503485435723,0.03963563333457315
857,28.564449,0.05656680977768462,0.0027192438634686504,0.040412540003419824
858,28.597819,0.05759541716603419,0.0026297113427468984,0.041105705419048
859,28.631189,0.06951412551982268,0.003103948726978906,0.04959107248196955
860,28.664558,0.07399971180744457,0.003291760196682573,0.05278732632421597
861,28.697928,0.06845964020770634,0.0033542467818637373,0.048928022179953554
862,28.731298,0.07554493713866446,0.004719253982808193,0.054297232191907574
863,28.764667,0.07951866026110571,0.004391382872012829,0.05698047704437784
864,28.798037,0.09806950363097278,0.00485576671788329,0.07010538255704593
865,28.831407,0.13175495309054983,0.012794011307368697,0.09606667055559548
866,28.864776,0.1599358471424217,0.022365091864094865,0.11866462055892364
867,28.898146,0.18784971875598852,0.03466122212708199,0.14189316976731656
868,28.931516,0.19863451903483614,0.04117909379356538,0.15139789146245491
869,28.964885,0.19624381030833132,0.04156021128566378,0.14983873060153105
870,28.998255,0.19592669086619488,0.04212776161162804,0.14978701208982484
871,29.031625,0.1838378993260409,0.040998112955051826,0.14098596341474418
872,29.064995,0.18065114077400987,0.042984442823114054,0.13935113138874114
873,29.098364,0.17242647690038843,0.041822624298939244,0.13324532111995366
874,29.131734,0.1667121984637815,0.039845069172443376,0.12865205967638005
875,29.165104,0.15244540461872652,0.03545450981895118,0.11734813617879392
876,29.198473,0.14051144624125356,0.027922047736531883,0.10673462668983705
877,29.231843,0.18160830397088648,0.04233108532113785,0.1398251383759619
878,29.265213,0.2183394177896765,0.055549473393581295,0.16950243447084792
879,29.298582,0.2166993601949518,0.05297940560873037,0.16758337381908536
880,29.331952,0.21967707163551883,0.0547919379416,0.17021153152734317
881,29.365322,0.22239018721670026,0.05619479372244916,0.1725315691684249
882,29.398691,0.20271400636811607,0.04601994746399588,0.15570578869688
883,29.432061,,,
884,29.465431,0.12181536360593874,0.023465771896467178,0.09231048609309726
885,29.498800,0.13455376780405337,0.02350837333453898,0.10124014946319905
886,29.532170,0.09889488481083587,0.007726419233154207,0.07154434513753137
887,29.565540,0.09410610933018032,0.004935739460640206,0.06735499836931828
888,29.598909,0.09483046055102543,0.00465257413530515,0.06777709462630935
889,29.632279,0.08849946950431965,0.004933212683998832,0.0634295924582234
890,29.665649,0.08869272833866355,0.007364642690559167,0.06429430264423223
891,29.699019,0.0990599819283314,0.012527820700440168,0.07310033355996402
892,29.732388,0.09379167998239485,0.012026072424012818,0.06926199771488024
893,29.765758,0.08860957924998568,0.010703212653974916,0.06523766927118245
894,29.799128,0.09518006365028374,0.01109930927805814,0.06995583733861606
895,29.832497,0.09585750244972353,0.013191507310809342,0.07105770390804926
896,29.865867,0.09341617933977919,0.012899959957597504,0.06926131352512468
897,29.899237,0.08998496770374802,0.01456853876195437,0.06736003902120992
898,29.932606,0.0986841584794041,0.01952564027749457,0.07493660301883122
899,29.965976,0.1024214876950843,0.020546957460201336,0.07785912862461941
900,29.999346,0.10699677438394634,0.022867627803272592,0.0817580304097442
901,30.032715,0.11175601290032249,0.02441173275733851,0.08555272885742729
902,30.066085,0.10404530086124833,0.026522799436290642,0.08078855043376101
903,30.099455,0.052008424062368636,0.006859024944932532,0.0384636043271378
904,30.132824,0.05529900687901729,0.005901036960136663,0.0404796159033531
905,30.166194,0.052163848597028724,0.005938384860539803,0.038296209476082047
906,30.199564,0.08044112453431738,0.022677070636224504,0.06311190836488952
907,30.232933,0.12353704124147818,0.04091655783470668,0.09875089621944673
908,30.266303,0.1329732835164094,0.04487707815310755,0.10654442190741883
909,30.299673,0.113554235945762,0.035664029055087,0.0901871738785595
910,30.333043,0.11507045412023573,0.03408187241458261,0.09077387960853978
911,30.366412,0.11931868467729666,0.03508308562211713,0.0940480049607428
912,30.399782,0.15876747551217749,0.053576572985711085,0.12721020475423755
913,30.433152,0.15771856339684892,0.047935716556977634,0.12478370934488753
914,30.466521,0.15796675697644375,0.046146857218966573,0.12442078704920058
915,30.499891,0.1630090039403275,0.0470442070080553,0.1282195648606458
916,30.533261,0.16355428333010558,0.04715927520808162,0.1286357808934984
917,30.566630,0.1671938164050953,0.049909549995402806,0.13200853648218755
